{
  "config": {
    "corpus": "outputs/b22-strix-corpus.json",
    "budgets": [
      0,
      1024,
      1536,
      1792,
      2048,
      2304,
      2400,
      2480,
      2520
    ],
    "cache_pages": 2560,
    "neighbors": 3,
    "exposed_prefetch_cost_per_page": 0.0,
    "confidence_quantile": 0.8
  },
  "dataset": {
    "train": 40,
    "validation": 8,
    "test": 16,
    "cross_validated_training_rows": 360
  },
  "calibration": {
    "ridge_alpha": 100.0,
    "validation_rmse_pages": 46.72496689031181,
    "confidence_absolute_error_quantile_pages": 59.093413416681365
  },
  "adaptive": {
    "budget_counts": {
      "2520": 16
    },
    "mean_budget_pages": 2520,
    "decode_misses": 26938,
    "decode_savings_pages": 3227,
    "exposed_prefetch_cost_pages": 0.0,
    "net_utility_pages": 3227.0,
    "choices": [
      {
        "id": "science-07",
        "domain": "science",
        "budget_pages": 2520,
        "actual_decode_misses": 2046,
        "actual_savings_pages": 166,
        "nearest_similarity": 0.6109736901281763,
        "mean_neighbor_similarity": 0.6011820407098004,
        "similarity_margin": 0.014288607255248054,
        "predicted_score_mass": 0.8877214233901838,
        "prefill_coverage": 0.4557211101055145,
        "neighbor_request_hit": 0.890002503503677,
        "neighbor_savings_pages": 343.32378745692444,
        "predicted_savings_pages": 227.2664568905856,
        "confidence_lower_savings_pages": 168.17304347390424,
        "predicted_net_utility_pages": 168.17304347390424
      },
      {
        "id": "science-08",
        "domain": "science",
        "budget_pages": 2520,
        "actual_decode_misses": 1744,
        "actual_savings_pages": 233,
        "nearest_similarity": 0.6287861534957868,
        "mean_neighbor_similarity": 0.6151505906437463,
        "similarity_margin": 0.020423784157807767,
        "predicted_score_mass": 0.887731396981018,
        "prefill_coverage": 0.46008461713790894,
        "neighbor_request_hit": 0.890018024782055,
        "neighbor_savings_pages": 344.2392053170057,
        "predicted_savings_pages": 222.8902539949216,
        "confidence_lower_savings_pages": 163.79684057824025,
        "predicted_net_utility_pages": 163.79684057824025
      },
      {
        "id": "coding-07",
        "domain": "coding",
        "budget_pages": 2520,
        "actual_decode_misses": 1505,
        "actual_savings_pages": 158,
        "nearest_similarity": 0.6128127191956979,
        "mean_neighbor_similarity": 0.6060490363636575,
        "similarity_margin": 0.00999837511943824,
        "predicted_score_mass": 0.8198677014562735,
        "prefill_coverage": 0.44398584961891174,
        "neighbor_request_hit": 0.821849844344556,
        "neighbor_savings_pages": 179.281767061734,
        "predicted_savings_pages": 201.04521600460777,
        "confidence_lower_savings_pages": 141.9518025879264,
        "predicted_net_utility_pages": 141.9518025879264
      },
      {
        "id": "coding-08",
        "domain": "coding",
        "budget_pages": 2520,
        "actual_decode_misses": 1818,
        "actual_savings_pages": 188,
        "nearest_similarity": 0.6274872744099954,
        "mean_neighbor_similarity": 0.5894738302578716,
        "similarity_margin": 0.052619783243917695,
        "predicted_score_mass": 0.8276841122837597,
        "prefill_coverage": 0.4552154242992401,
        "neighbor_request_hit": 0.8298757726165708,
        "neighbor_savings_pages": 215.85940072690477,
        "predicted_savings_pages": 151.26833655882587,
        "confidence_lower_savings_pages": 92.17492314214451,
        "predicted_net_utility_pages": 92.17492314214451
      },
      {
        "id": "math-07",
        "domain": "math",
        "budget_pages": 2520,
        "actual_decode_misses": 1540,
        "actual_savings_pages": 243,
        "nearest_similarity": 0.61839821472849,
        "mean_neighbor_similarity": 0.5877790778403797,
        "similarity_margin": 0.031209602628845867,
        "predicted_score_mass": 0.8787296106410339,
        "prefill_coverage": 0.46513819694519043,
        "neighbor_request_hit": 0.8809157357120941,
        "neighbor_savings_pages": 279.25456613123424,
        "predicted_savings_pages": 186.6366078086469,
        "confidence_lower_savings_pages": 127.54319439196553,
        "predicted_net_utility_pages": 127.54319439196553
      },
      {
        "id": "math-08",
        "domain": "math",
        "budget_pages": 2520,
        "actual_decode_misses": 1755,
        "actual_savings_pages": 172,
        "nearest_similarity": 0.5521739130434783,
        "mean_neighbor_similarity": 0.5473814659336947,
        "similarity_margin": 0.0021225255820188638,
        "predicted_score_mass": 0.8674282359999707,
        "prefill_coverage": 0.39691516757011414,
        "neighbor_request_hit": 0.8696122851970705,
        "neighbor_savings_pages": 340.88092091002227,
        "predicted_savings_pages": 219.58315866145034,
        "confidence_lower_savings_pages": 160.48974524476898,
        "predicted_net_utility_pages": 160.48974524476898
      },
      {
        "id": "writing-07",
        "domain": "writing",
        "budget_pages": 2520,
        "actual_decode_misses": 1477,
        "actual_savings_pages": 93,
        "nearest_similarity": 0.6155096354771302,
        "mean_neighbor_similarity": 0.5803913910395362,
        "similarity_margin": 0.052659168187410565,
        "predicted_score_mass": 0.8295198685486236,
        "prefill_coverage": 0.4548916220664978,
        "neighbor_request_hit": 0.8316586211098201,
        "neighbor_savings_pages": 234.9586011069473,
        "predicted_savings_pages": 123.56749188284097,
        "confidence_lower_savings_pages": 64.4740784661596,
        "predicted_net_utility_pages": 64.4740784661596
      },
      {
        "id": "writing-08",
        "domain": "writing",
        "budget_pages": 2520,
        "actual_decode_misses": 1357,
        "actual_savings_pages": 150,
        "nearest_similarity": 0.6390590541533938,
        "mean_neighbor_similarity": 0.6149116365559212,
        "similarity_margin": 0.017613427932425707,
        "predicted_score_mass": 0.8660880527756984,
        "prefill_coverage": 0.4540129005908966,
        "neighbor_request_hit": 0.8684838391607139,
        "neighbor_savings_pages": 248.8924229262979,
        "predicted_savings_pages": 198.94617075709598,
        "confidence_lower_savings_pages": 139.85275734041463,
        "predicted_net_utility_pages": 139.85275734041463
      },
      {
        "id": "history-07",
        "domain": "history",
        "budget_pages": 2520,
        "actual_decode_misses": 1803,
        "actual_savings_pages": 196,
        "nearest_similarity": 0.6715686274509803,
        "mean_neighbor_similarity": 0.6504609460875094,
        "similarity_margin": 0.02905655015629438,
        "predicted_score_mass": 0.8892279356374827,
        "prefill_coverage": 0.3872169554233551,
        "neighbor_request_hit": 0.891771804031317,
        "neighbor_savings_pages": 275.5372832688126,
        "predicted_savings_pages": 193.5578098650214,
        "confidence_lower_savings_pages": 134.46439644834004,
        "predicted_net_utility_pages": 134.46439644834004
      },
      {
        "id": "history-08",
        "domain": "history",
        "budget_pages": 2520,
        "actual_decode_misses": 1669,
        "actual_savings_pages": 227,
        "nearest_similarity": 0.5919168591224019,
        "mean_neighbor_similarity": 0.5873246673566369,
        "similarity_margin": 0.0056599029162561765,
        "predicted_score_mass": 0.894307235478076,
        "prefill_coverage": 0.43112480640411377,
        "neighbor_request_hit": 0.8967167889187607,
        "neighbor_savings_pages": 275.296744411629,
        "predicted_savings_pages": 220.96697278149915,
        "confidence_lower_savings_pages": 161.8735593648178,